TITLE_SCREEN_START,Nouvelle partie,Start new game
TITLE_SCREEN_CONTINUE,Continuer,Continue
TITLE_SCREEN_QUIT,Quitter,Exit
TITLE_SCREEN_OPTIONS,Paramètres,Options
,,
TITLE_BRIEFING_DOC,BRIEFING DE LA MISSION,
RECAP_BRIEFING_DOC,"Rappel de la mission: postez vos unités là où vous semble possibles l'arrivée d'un délit ou d'un crime.


",
UNITS_BRIEFING_DOC,Unités :,
PATTERNS_BRIEFING_DOC,"Potentielles formations criminelles :

 ",
DATES_BRIEFING_DOC,"Début de la mission à 1 heure ce matin le 19 mai, fin à 6 heures le même jour.",